Toy name,Pieces,Price,Product link
Cat Toy Multifunctionalrotating Ball Cat Interactive Toy 360 Rotation Catnip Cat Toy,2 Pieces,$0.81-$0.98,//www.alibaba.com/product-detail/Cat-Toy-Multifunctionalrotating-Ball-Cat-Interactive_1600451129016.html
Cat Toy Electronic Cat Toy Magic Lifelike Crawling Beetle Interactive Pet Toy For Cat,200.0 Pieces,$2.80-$2.95,//www.alibaba.com/product-detail/Cat-Toy-Electronic-Cat-Toy-Magic_1600255436531.html?s=p
Cat Toys Manufacturer Wholesale Multi-design Mouse Ball Feather Cat Toys Set,1.0 Sets,$1.50-$7.10,//www.alibaba.com/product-detail/Cat-Toys-Manufacturer-Wholesale-Multi-design_1600308161379.html?s=p
Cat Toy Cat Teaser With Pompon Ball Cat Interactive Toy With Suction Cup And Bell Toy,100 Pieces,$1.78-$1.91,//www.alibaba.com/product-detail/Cat-Toy-Cat-Teaser-With-Pompon_1600507554360.html?s=p
USB Charge Automatic Electronic Smart Self Rotating Interactive Rolling Toy Ball For Cats With LED Light,100.0 Pieces,$2.85-$3.45,//www.alibaba.com/product-detail/USB-Charge-Automatic-Electronic-Smart-Self_62425783277.html?s=p
Cat Toy Multifunctional Multicolor Customable Cat Scratcher 2022 Cat Toy Tower Cat Tree Tower,1.0 Pieces,$14.20-$41.40,//www.alibaba.com/product-detail/Cat-Toy-Multifunctional-Multicolor-Customable-Cat_1600448824746.html?s=p
Large Cat Tree House Hammock Luxury Wooden Cat Tower Toy Cat Scratcher Post Rope Tower,1.0 Cartons,None,//www.alibaba.com/product-detail/Large-Cat-Tree-House-Hammock-Luxury_62562581548.html
Popular cat scratch board corrugated cat box cardboard cat toy,1000 Pieces,None,//www.alibaba.com/product-detail/Popular-cat-scratch-board-corrugated-cat_1600508011899.html
"Catnip Toys for Indoor Cats, Natural Cat Toys - Fish Cat Toys Set for Boredom",1 Piece,$4.12-$6.29,//www.alibaba.com/product-detail/Catnip-Toys-for-Indoor-Cats-Natural_1600463825676.html
Shrimp Shape Cats Puzzle Interactive Toys Toothbrush Simons Catnip Fish Cat Toy,2 Pieces,$1.60-$2.50,//www.alibaba.com/product-detail/Shrimp-Shape-Cats-Puzzle-Interactive-Toys_1600174292831.html
Factory Wholesale Wind-Up Rat pet toys mobile mouse cat toys,5 Pieces,$0.56-$0.63,//www.alibaba.com/product-detail/Factory-Wholesale-Wind-Up-Rat-pet_1600151029264.html
Hot Sale Dog Cat Toys Pet Puppy Chew Squeaker Plush Toys Cute Thumb Pet Toy For Pets,10 Pieces,$0.32-$0.50,//www.alibaba.com/product-detail/Hot-Sale-Dog-Cat-Toys-Pet_1600276476544.html
The Manufacturer Supplies High Quality Amazon Directly Usb Electric Flippity Interactive Fish Cats Toy For Cat,2.0 Pieces,$2.56-$2.80,//www.alibaba.com/product-detail/The-Manufacturer-Supplies-High-Quality-Amazon_1600286007560.html
Hot Selling Wholesale Plush Cat Toys with Catnip Bells Cat Stick Fashion Pet Supplies Toys,1.0 Pieces,$0.20-$0.80,//www.alibaba.com/product-detail/Hot-Selling-Wholesale-Plush-Cat-Toys_1600462301385.html
Pet Cat Toys Interactive Smart Cat Toys,1 Piece,$9.25-$10.00,//www.alibaba.com/product-detail/Pet-Cat-Toys-Interactive-Smart-Cat_1600387921401.html
Sharpening Claws Cat Scratching Board Cat Toys for Cats Scratching Posts,100 Pieces,$19.00-$19.70,//www.alibaba.com/product-detail/Sharpening-Claws-Cat-Scratching-Board-Cat_1600301144129.html
Factory direct sale pet interactive puzzle balanced car swing does not topple cat toy,1 Piece,$1.85-$2.66,//www.alibaba.com/product-detail/Factory-direct-sale-pet-interactive-puzzle_1600127958478.html
pet electric toy chattering automatic puzzle 360 rotating flying butterfly cat toy,10 Boxes,$5.50-$6.60,//www.alibaba.com/product-detail/pet-electric-toy-chattering-automatic-puzzle_1600499222899.html
Pet cat toys in the shape of fish in the sea,3 Pieces,$0.75-$0.85,//www.alibaba.com/product-detail/Pet-cat-toys-in-the-shape_1600237351864.html
Sharpening Claws Cat Scratching Board Cat Toys for Cats Scratching Posts,100 Pieces,$19.00-$19.70,//www.alibaba.com/product-detail/Sharpening-Claws-Cat-Scratching-Board-Cat_1600301144129.html
Wholesale interactive cat fish toy plush electric cat toys Simulation Dancing Fish Toy For Cat,50 Pieces,$1.35-$2.55,//www.alibaba.com/product-detail/Wholesale-interactive-cat-fish-toy-plush_1600370247376.html
Tumbler Cat Toys Leaking Ball Self-Playing Swing Feeder Cats Stick Kitten Puzzle Interactive Food Leakage Toys Teaser Wand Toy,2 Pieces,$2.68-$2.98,//www.alibaba.com/product-detail/Tumbler-Cat-Toys-Leaking-Ball-Self_1600466525446.html
2022 Spring Ball Feather Cat Toy Interactive Pet Supplies Rotate 360 Angle Turning Around Catnip Ball Cat Toy,50 Pieces,$2.82-$3.19,//www.alibaba.com/product-detail/2022-Spring-Ball-Feather-Cat-Toy_1600404261680.html
"Catnip Toys for Indoor Cats, Natural Cat Toys - Fish Cat Toys Set for Boredom",1 Piece,$4.12-$6.29,//www.alibaba.com/product-detail/Catnip-Toys-for-Indoor-Cats-Natural_1600463825676.html
Clean teeth toothbrush chew cat toy soft silicone mint fish cat toys training tease simons cat toy,10 Pieces,$0.80-$1.80,//www.alibaba.com/product-detail/Clean-teeth-toothbrush-chew-cat-toy_1600401412022.html
"Popular style Pet supplies, cat toys, m-shaped corrugated paper cat scratchers for cat",3 Pieces,$0.76-$0.93,//www.alibaba.com/product-detail/Popular-style-Pet-supplies-cat-toys_1600358596120.html
Pet clean teeth game indoor interactive healthy catnip cat toys,50 Pieces,$0.37-$1.70,//www.alibaba.com/product-detail/Pet-clean-teeth-game-indoor-interactive_1600507229368.html
cat toys 2022 the mouse house cat toy popping mouse cat toy,5 Pieces,None,//www.alibaba.com/product-detail/cat-toys-2022-the-mouse-house_1600505589220.html
Wholesale Cat Toys Pull Cord Clockwork Rat Funny Cat Toy Mouse Shake Vibration Kitten Toy,20 Pieces,$0.49-$0.52,//www.alibaba.com/product-detail/Wholesale-Cat-Toys-Pull-Cord-Clockwork_1600497771172.html
Teaser Cat Toy Bite Resistant Tri-Color Glow Catnip Bell Ball Cat Toy,50 Pieces,None,//www.alibaba.com/product-detail/Teaser-Cat-Toy-Bite-Resistant-Tri_1600511933991.html
Cat Scratching Ball wooden Interactive Catnip Toy For Cat Durable Natural Sisal Cat Scratcher,1 Piece,$4.39-$7.69,//www.alibaba.com/product-detail/Cat-Scratching-Ball-wooden-Interactive-Catnip_1600408475989.html
Amazon Top Seller Usb Catnip Flippity Fish Interactive Cat Toy,50 Pieces,$1.30-$1.71,//www.alibaba.com/product-detail/Amazon-Top-Seller-Usb-Catnip-Flippity_1600466134377.html
Amazon Wholesale Hot New DesignSell Pet Cat Toys Catnip Fish Toy,100 Pieces,$0.88-$1.05,//www.alibaba.com/product-detail/Amazon-Wholesale-Hot-New-DesignSell-Pet_60863404100.html
Beautiful Ten colors optional flowers cat teaser wand for cat activated playing products cat toys,10 Pieces,$1.00-$1.65,//www.alibaba.com/product-detail/Beautiful-Ten-colors-optional-flowers-cat_62025319521.html
Pet Products Amazon Tumbler Bird Squeaky Interactive Cat Toy With Catnip,2 Pieces,$2.59-$3.50,//www.alibaba.com/product-detail/Pet-Products-Amazon-Tumbler-Bird-Squeaky_1600410980352.html
Pet Feeder Cat Bowls Roller Turntable Cat Toys with Ball Interactive Kitten Fun Mental Physical Exercise Puzzle Kitten Toy,40 Pieces,$1.48-$1.78,//www.alibaba.com/product-detail/Pet-Feeder-Cat-Bowls-Roller-Turntable_1600450936565.html
2020 New design cat scratch board round cat toys cat climbing tree,100 Pieces,$3.40-$4.50,//www.alibaba.com/product-detail/2020-New-design-cat-scratch-board_1600155236689.html
Electric Automatic Lifting Motion Cat Toy Interactive Puzzle Smart Pet Cat Teaser Ball Pet Supply Lifting Toys,1 Piece,$0.84-$3.78,//www.alibaba.com/product-detail/Electric-Automatic-Lifting-Motion-Cat-Toy_1600385026132.html
Interactive Turntable Circle Track Plastic Disk Funny 4 Layers Kitten Tower Cat Toys,2 Pieces,$2.33-$2.66,//www.alibaba.com/product-detail/Interactive-Turntable-Circle-Track-Plastic-Disk_1600423816898.html
Interactive Cat Toy with Suction Cup Windmill Kitten Toothbrush Toys with Hair Brush Turntable Massage Scratching Tickle,100 Pieces,$1.99-$2.75,//www.alibaba.com/product-detail/Interactive-Cat-Toy-with-Suction-Cup_1600417622927.html
Wholesale Interactive Pack Set Bulk Catnip Mouse Feather Teaser Cat Toy Interactive,29 Boxes,$2.41-$2.62,//www.alibaba.com/product-detail/Wholesale-Interactive-Pack-Set-Bulk-Catnip_1600235993786.html
Cat Toy Roller Turntable Mouse Interactive Mental Physical Exercise Puzzle Toys,24 Pieces,$2.50-$2.83,//www.alibaba.com/product-detail/Cat-Toy-Roller-Turntable-Mouse-Interactive_1600448014178.html
Factory Cat Toys Interactive Feather Teaser Wand Toy with Birds Worms Catcher Cats Kitten Amusement Stick toy,1400 Pieces,$1.25-$1.88,//www.alibaba.com/product-detail/Factory-Cat-Toys-Interactive-Feather-Teaser_60723286742.html
Pet Bit-Resistant Stuffed Mint Thumb Plush Cat Toy,100 Pieces,$0.31-$0.40,//www.alibaba.com/product-detail/Pet-Bit-Resistant-Stuffed-Mint-Thumb_62418756540.html
3D USB Chargeable Cat Fish Toy Automatic Bounce Catnip Interactive Pet Toys Moving Dance Fish Electric Cat Toy,1 Pair,$1.80,//www.alibaba.com/product-detail/3D-USB-Chargeable-Cat-Fish-Toy_1600434421447.html
Cat Toy Roller Turntable Toys with Three Colorful Balls Interactive Kitten Fun Mental Physical Exercise Puzzle Toys Exercise,1 Piece,$1.40-$1.80,//www.alibaba.com/product-detail/Cat-Toy-Roller-Turntable-Toys-with_1600202832832.html
Safe Healthy Kitten Chew Toys Teeth Cleaning Dental Cat Toy Edible Kitty Toys for Cats Lick,50 Pieces,$2.06-$2.67,//www.alibaba.com/product-detail/Safe-Healthy-Kitten-Chew-Toys-Teeth_1600424485551.html
Rechargeable Pet Laser Electronic Interactive Robotic Automatic Cat Toys for 12H play,50 Pieces,$10.87-$12.32,//www.alibaba.com/product-detail/Rechargeable-Pet-Laser-Electronic-Interactive-Robotic_1600168349274.html
Wholesale Pet Products Interactive Toy Candy Color Yarn Ball 4.5cm Funny Cat Toys,3 Pieces,$0.49-$0.72,//www.alibaba.com/product-detail/Wholesale-Pet-Products-Interactive-Toy-Candy_1600342880559.html
Hot-selling High Elasticity Bottom Suction Cup Spring Doll Playing Cat Toys Pet,100 Pieces,$2.86-$3.27,//www.alibaba.com/product-detail/Hot-selling-High-Elasticity-Bottom-Suction_1600365894990.html
Interactive Outdoor Fitness Flying Ring Disc Eco Friendly Pet Cat Toys Funny Dog Toys,50.0 Pieces,$1.50-$5.00,//www.alibaba.com/product-detail/Interactive-Outdoor-Fitness-Flying-Ring-Disc_1600289365897.html
Factory supply handcraft catnip cat toys cat sticks suction cup with flush ball,100.0 Pieces,$1.78-$1.91,//www.alibaba.com/product-detail/Factory-supply-handcraft-catnip-cat-toys_1600123853980.html
New design cat toys training funny toy for cat playing indoor relax,100 Pieces,None,//www.alibaba.com/product-detail/New-design-cat-toys-training-funny_1600513334353.html
Trussu Exercise Motorized Wand Interactive Electronic Motion Puzzle Cat Toys,30 Pieces,$4.30-$4.50,//www.alibaba.com/product-detail/Trussu-Exercise-Motorized-Wand-Interactive-Electronic_62407848331.html
LED light Laser Dot Pointer Chaser Pen Toy Cat Teaser Exerciser Cat toy Pet Laser Light Toy,100 Pieces,$0.30-$0.80,//www.alibaba.com/product-detail/LED-light-Laser-Dot-Pointer-Chaser_1600302575476.html
Fashion hot sale pet toy chicken cat toys interactive chew toy,1200 Pieces,$1.33,//www.alibaba.com/product-detail/Fashion-hot-sale-pet-toy-chicken_62479387334.html
Funny Cat Relieves Boredom Artifact Pet Interactive Molar Toys Cat Toy Mouse With Catnip,1000 Pairs,$0.38-$0.59,//www.alibaba.com/product-detail/Funny-Cat-Relieves-Boredom-Artifact-Pet_1600176845854.html
Large L Shape Paper Cat Scratching Board Cat Toy,100 Pieces,$3.20-$3.90,//www.alibaba.com/product-detail/Large-L-Shape-Paper-Cat-Scratching_1600450437701.html
Feed Slow Feeder Training Kitten Food Grade Tumbler Balance 2021 Pet Ball Cat Toy For Cat Interactive,100 Pieces,None,//www.alibaba.com/product-detail/Feed-Slow-Feeder-Training-Kitten-Food_1600168313648.html
Custom UFO Shape Pet Leakage Toys Dog Food Treat Bowl Dispenser Funny Cat Toy Dog Interactive Chew Toy,2.0 Pieces,$2.48-$2.68,//www.alibaba.com/product-detail/Custom-UFO-Shape-Pet-Leakage-Toys_1600384994261.html
Pet Animal Toy Wiggle Fishes Motion Kitten Interactive Exercise Dog Cat Toy Floppy Fish,1 Piece,$0.95-$1.77,//www.alibaba.com/product-detail/Pet-Animal-Toy-Wiggle-Fishes-Motion_1600466861181.html
Amazon Hot Sell 3 In 1 LED Light Laser Dot Pointer Cat Laser Pen Interactive Cat Toys with different images,20 Pieces,None,//www.alibaba.com/product-detail/Amazon-Hot-Sell-3-In-1_1600294885760.html
"funny feather pet cat toys cat teaser ,cat wand with teaser stick toys",2 Dozens,$0.28-$0.39,//www.alibaba.com/product-detail/funny-feather-pet-cat-toys-cat_1600370200505.html
Pet supplies Catnip polygonum polygonum combination toy teething stick teeth cleaning cat toys,100 Bags,None,//www.alibaba.com/product-detail/Pet-supplies-Catnip-polygonum-polygonum-combination_1600513162043.html
Pet Linglong Ball Mint Ball Cat Toy,1000 Pieces,$0.87-$1.06,//www.alibaba.com/product-detail/Pet-Linglong-Ball-Mint-Ball-Cat_1600401325238.html
Usb Electric Moving Catnip Dancing Fish Cat Toy Cat Interactive Fish Toy,100 Pieces,$2.80,//www.alibaba.com/product-detail/Usb-Electric-Moving-Catnip-Dancing-Fish_1600321447846.html
Wholesale Hot Sell Professional 4CM Dia Two Color Hollow Plastic Cat Toy Bell Ball Interactive and Movement Cat Dogs Ball Toy,1000 Pieces,$0.05,//www.alibaba.com/product-detail/Wholesale-Hot-Sell-Professional-4CM-Dia_1600438485468.html
Lifelike catnip floppy fish flippy fish interactive pet cat plush chew toys fish plush cat toy,200 Pieces,$0.85,//www.alibaba.com/product-detail/Lifelike-catnip-floppy-fish-flippy-fish_1600411220117.html
Wholesale Cat Teaser Fish AIWO Luxury Cat Teaser Retractable Stick Feather Teaser Cat Toy,2000 Pieces,$3.40-$3.90,//www.alibaba.com/product-detail/Wholesale-Cat-Teaser-Fish-AIWO-Luxury_62569613118.html
Cat gravity sound ball toy cat mint grinding teeth bite cat toys,10 Pieces,$1.36-$1.54,//www.alibaba.com/product-detail/Cat-gravity-sound-ball-toy-cat_1600427774994.html
Pet Products Toys USB Electronic Moving Dancing Catnip 3D Fish Cat Toys,10 Sets,$2.10-$2.41,//www.alibaba.com/product-detail/Pet-Products-Toys-USB-Electronic-Moving_1600234389908.html
Elephant Shaped Natural Sisal Material for Cat Play Joyful Cat Scratch Board Balls Cat Toys Supplies,5.0 Pieces,$9.50-$12.75,//www.alibaba.com/product-detail/Elephant-Shaped-Natural-Sisal-Material-for_1600496268896.html
Factory Wholesale Funny Cat Stick Funny Cat Toy,500 Pieces,$0.39-$0.50,//www.alibaba.com/product-detail/Factory-Wholesale-Funny-Cat-Stick-Funny_1600353503975.html
Manufacturer Hot Selling Cat Teasing Toy Spinning Top Mint Ball Cat Chasing Toys Cat Toys,20 Pieces,None,//www.alibaba.com/product-detail/Manufacturer-Hot-Selling-Cat-Teasing-Toy_1600507464034.html
Red Light Pointer Cat Toy USB Charging Pets Cat Mice and Kitten Toys Cat Toys for Indoor and Outdoor,1 Piece,$1.98-$3.29,//www.alibaba.com/product-detail/Red-Light-Pointer-Cat-Toy-USB_1600306849751.html
Wholesale fashion comfortable warm fleece cat tent tiger pattern cat toy,100.0 Pieces,$3.05-$3.29,//www.alibaba.com/product-detail/Wholesale-fashion-comfortable-warm-fleece-cat_1600437567717.html
Cat Turntable Spot Wholesale Cat Interactive Toy Four-layer Space Tower Educational Amusement Plate Cat Toy,24 Pieces,$2.04-$2.38,//www.alibaba.com/product-detail/Cat-Turntable-Spot-Wholesale-Cat-Interactive_1600487101483.html
Wholesale cat leaker Custom Color Tumbler Leaky Ball Cats Toy Interactive Cat Toy pet toys cute food,30 Pieces,$2.80,//www.alibaba.com/product-detail/Wholesale-cat-leaker-Custom-Color-Tumbler_1600483933454.html
Pet supplies factory wholesale New popular cat cat electric leakage food Infrared laser teasing cat toy,100 Pieces,None,//www.alibaba.com/product-detail/Pet-supplies-factory-wholesale-New-popular_1600506060598.html
Removable Interactive Pet Teething Toys Lick Suction Cup Ball nip Catnip Toy Cat Toothbrush Chew Toy,10 Pieces,$0.75-$1.08,//www.alibaba.com/product-detail/Removable-Interactive-Pet-Teething-Toys-Lick_1600372019411.html
Hot Selling Soccer Shape Chew Training Pet Toy High Quality PU Toy For Dog And Cat,2 Pieces,$5.99,//www.alibaba.com/product-detail/Hot-Selling-Soccer-Shape-Chew-Training_1600483988438.html
Wholesale High Quality Eco Pet Products Blue Pink Green Pet Educational Toy Pet Cat Toy,2 Pieces,$1.77,//www.alibaba.com/product-detail/Wholesale-High-Quality-Eco-Pet-Products_1600447704512.html
Cat Toy Cat Toothbrush Cat Scratcher Two Catnip Ball Inside Powerful Suction Cup,100 Pieces,$2.35-$2.95,//www.alibaba.com/product-detail/Cat-Toy-Cat-Toothbrush-Cat-Scratcher_1600449706370.html
2022 Amazon Hot Selling New Cat Toys Fish Toys Funny Can Interactive Toys Fish Mutual,10 Pieces,$3.38,//www.alibaba.com/product-detail/2022-Amazon-Hot-Selling-New-Cat_1600456542795.html
interesting multifunctional interactive motorised electric cat toy,100 Pieces,$2.66-$3.06,//www.alibaba.com/product-detail/interesting-multifunctional-interactive-motorised-electric-cat_1600404156332.html
Cat leaking food toy wholesale cheap funny cat toys roller 3-level turntable cat toy balls,30 Pieces,None,//www.alibaba.com/product-detail/Cat-leaking-food-toy-wholesale-cheap_1600302809147.html
Cat Butterfly Toy With Catnip Balls Interactive Cat Puzzle Swing Teasing Ball Cat Toy,100 Pieces,$2.58-$3.23,//www.alibaba.com/product-detail/Cat-Butterfly-Toy-With-Catnip-Balls_1600450062404.html
Wholesale Cute Mover Plush Winder Jumping Chicks Pet Dog toys Cat toys,30 Pieces,$0.23-$0.25,//www.alibaba.com/product-detail/Wholesale-Cute-Mover-Plush-Winder-Jumping_1600455137218.html
Neworld Waterproof Hot Selling High Quality New Tumbler Arrival Pet Cat Toy,50 Pieces,$4.50-$5.80,//www.alibaba.com/product-detail/Neworld-Waterproof-Hot-Selling-High-Quality_1600477823871.html
Promotional Proper Price Durable Using Tumbler Cat Toy Best Other Pet Toys,1 Piece,$2.80-$3.50,//www.alibaba.com/product-detail/Promotional-Proper-Price-Durable-Using-Tumbler_1600386795227.html
Widely used superior quality cat toy new arrival wholesale pet supplies,5.0 Pieces,$2.19-$2.37,//www.alibaba.com/product-detail/Widely-used-superior-quality-cat-toy_1600358110779.html
Wholesale Smart Interactive and moving USB recharging Cat Stress Ball Cat Scratching Ball Track Ball Cat Toy,100.0 Pieces,None,//www.alibaba.com/product-detail/Wholesale-Smart-Interactive-and-moving-USB_10000007294844.html
Electric Toothbrush Smart Cat Toy Set Funny Cat Stick Crazy Mouse Chasing Scratching Crayfish Shape Pet Cat Toy,10 Pieces,$3.45-$3.75,//www.alibaba.com/product-detail/Electric-Toothbrush-Smart-Cat-Toy-Set_1600374599439.html
New Funny Interactive Training Improve IQ Christmas Toy Simons with Food Dispenser Pet Cat Toy Happy Turntable,3 Sets,$6.06-$6.49,//www.alibaba.com/product-detail/New-Funny-Interactive-Training-Improve-IQ_1600340989851.html
Top quality pet product pet toy funny cat toy pet new design toys,100 Pieces,$2.87-$3.28,//www.alibaba.com/product-detail/Top-quality-pet-product-pet-toy_1600489378949.html
New design Christmas tree catnip cat scratch board cat toy,200 Pieces,$1.70-$3.71,//www.alibaba.com/product-detail/New-design-Christmas-tree-catnip-cat_1600447917570.html
"Wholesale Multifunction Cat Plush Tunnel, Interactive Cat Product Cat Toys, Collapsible Foldable Pet Toy Cat Tunnel",1000 Pieces,$1.78-$2.97,//www.alibaba.com/product-detail/Wholesale-Multifunction-Cat-Plush-Tunnel-Interactive_1600494063942.html
Yellow Oneself Funny Cat Toy Cat Ball Move Up And Down Self-weight Balance Movemoent Function Cat Sliding Toy,30 Pieces,None,//www.alibaba.com/product-detail/Yellow-Oneself-Funny-Cat-Toy-Cat_1600272237938.html
Pet Cat Toys Star Ball Plus Feather EVA Material Light Foam Ball Throwing Toy Funny Pet Dogs Cats Interactive Toys,20 Pieces,$0.25-$0.35,//www.alibaba.com/product-detail/Pet-Cat-Toys-Star-Ball-Plus_1600407514976.html
Manufacturer direct sales scratching posts for indoor cats pet chew vent toy pet cat toy,5 Pieces,$1.00-$1.60,//www.alibaba.com/product-detail/Manufacturer-direct-sales-scratching-posts-for_1600436134621.html
Teasing Interactive Cat Toys Summoning Ball Toys Automatic Sounding EVA Catnip Ball Toys,72 Pieces,$0.95-$1.35,//www.alibaba.com/product-detail/Teasing-Interactive-Cat-Toys-Summoning-Ball_1600292231774.html
Interactive Cat Teaser Gun Plush Interactive Cat Stuff Cat Toys Interactive,1000 Pieces,$4.10-$4.75,//www.alibaba.com/product-detail/Interactive-Cat-Teaser-Gun-Plush-Interactive_1600406887669.html
Woven Colorful Ball Dog Cat Bell Ball Pet Toy Ball Chew,50 Pieces,$0.53-$2.14,//www.alibaba.com/product-detail/Woven-Colorful-Ball-Dog-Cat-Bell_1600490356613.html
Chinese Manufacturers Light Weight Three Pillars Three layers Fabric Cat Climbing Frame Cat Toy Jumping Platform Tower Tree,1 Set,$4.10-$10.60,//www.alibaba.com/product-detail/Chinese-Manufacturers-Light-Weight-Three-Pillars_1600462516953.html
Amazon top seller Factory wholesale customizable colour Simulation caterpillar new cat toy cat toy interactive cat plush toy,1000 Pieces,$0.04-$0.06,//www.alibaba.com/product-detail/Amazon-top-seller-Factory-wholesale-customizable_1600318978111.html
Wholesale pet toys High Quality Pet Products Supplies Four Stages Interactive Turntable Cat Toy,15 Pieces,$2.12-$2.35,//www.alibaba.com/product-detail/Wholesale-pet-toys-High-Quality-Pet_1600307882345.html
Elephant Shaped Natural Sisal Material for Cat Play Joyful Cat Scratch Board Balls Cat Toys Supplies,5.0 Pieces,$9.50-$12.75,//www.alibaba.com/product-detail/Elephant-Shaped-Natural-Sisal-Material-for_1600496268896.html
Hot selling original cat climbing frame solid wood small cat toys luxury pet supplies cat tree,1 Piece,$65.91-$73.35,//www.alibaba.com/product-detail/Hot-selling-original-cat-climbing-frame_1600447275365.html
Pet Linglong Ball Mint Ball Cat Toy,1000 Pieces,$0.87-$1.06,//www.alibaba.com/product-detail/Pet-Linglong-Ball-Mint-Ball-Cat_1600401325238.html
electric feather cat teaser toy funny stick cat toy interactive motorised cat toy,1 Piece,$3.69-$4.25,//www.alibaba.com/product-detail/electric-feather-cat-teaser-toy-funny_1600367659717.html
Factory produced TikTok best-selling pet interactive toys Fish shaped cat toy catinip cat toy,2 Pieces,$2.80-$3.70,//www.alibaba.com/product-detail/Factory-produced-TikTok-best-selling-pet_1600236016045.html
Smart Cat Laser Toy Interactive Cat Feeder Leaking Food Ball Laser Pointer Automatic Electric Cat Toy,120 Pieces,$4.90-$7.30,//www.alibaba.com/product-detail/Smart-Cat-Laser-Toy-Interactive-Cat_1600461279520.html
Moving Kicker Electronic Jumping Flippy Happy Mechanical Toys Vibrating Cats Dancing Indoor Flippity Fish Cat Toy,2 Pieces,$1.39-$1.90,//www.alibaba.com/product-detail/Moving-Kicker-Electronic-Jumping-Flippy-Happy_1600413026211.html
best seller Interactive motorised Ultra DurablePet Robot Activity Sound Laser Automatic Auto Electronic Cat Toy,100 Pieces,$2.80-$3.50,//www.alibaba.com/product-detail/best-seller-Interactive-motorised-Ultra-DurablePet_1600454005865.html
Wholesale Mouse Tunnel Plush Ball Fish Interactive 28 Pcs Cat Toys,500 Sets,$4.37,//www.alibaba.com/product-detail/Wholesale-Mouse-Tunnel-Plush-Ball-Fish_10000005939694.html
Plastic Feather Cat ball interactive cat toys Cat Playing Toy teaser Stick,500 Pieces,$0.32-$0.71,//www.alibaba.com/product-detail/Plastic-Feather-Cat-ball-interactive-cat_1600314322017.html
"cat toys with mouse, cat tree",50 Pieces,$1.00-$9.00,//www.alibaba.com/product-detail/cat-toys-with-mouse-cat-tree_60564896740.html
Wholesale pet dogs cats toy interactive chewing cotton rope custom 10-in-1 pet toys set,10 Pieces,$4.33-$5.99,//www.alibaba.com/product-detail/Wholesale-pet-dogs-cats-toy-interactive_1600477513820.html
Wholesale Interactive Cat Toys Balance Auto Swing Back Cat Chase Exercise Toy IQ Improve Training Toys,1 Piece,$4.45-$5.08,//www.alibaba.com/product-detail/Wholesale-Interactive-Cat-Toys-Balance-Auto_1600313040552.html
2021 Most Popular Cat Ball Feeder Multi Function Eco-Friendly Smart Cat Toy,500 Sets,$0.60-$1.00,//www.alibaba.com/product-detail/2021-Most-Popular-Cat-Ball-Feeder_1600304332625.html
New Arrival Safe Material Suction Cup Spring Bird Durable Rotating Windmill Smart Interactive Cat Toy,2 Pieces,$2.94-$3.04,//www.alibaba.com/product-detail/New-Arrival-Safe-Material-Suction-Cup_1600409479978.html
Natural Cat Toy Matatabi Ball,1000 Pieces,$0.62,//www.alibaba.com/product-detail/Natural-Cat-Toy-Matatabi-Ball_1600286887129.html
Stimulation Physical Dogs Activity Physical Play Pet Collapsible Cat Tunnel Cat Toys,1 Piece,$3.34-$3.86,//www.alibaba.com/product-detail/Stimulation-Physical-Dogs-Activity-Physical-Play_1600498955430.html
Cheap price Environmental Funny Cat Playing Interactive Cat toys,100 Pieces,$6.30-$6.90,//www.alibaba.com/product-detail/Cheap-price-Environmental-Funny-Cat-Playing_1600436388494.html
Factory Direct Supply Furry Mice Cat Toys Rabbit fur cat's favorite toys,10 Pieces,$0.45-$1.10,//www.alibaba.com/product-detail/Factory-Direct-Supply-Furry-Mice-Cat_1600304594563.html
Made in China Pet Toys Amazon Explosive Tumbler Interactive Cat Toys Zi He Magic Wheel Zi He Cat Toys,1 Set,$2.73-$3.18,//www.alibaba.com/product-detail/Made-in-China-Pet-Toys-Amazon_1600332381687.html
Wholesales Pet Eco-friendly Funny Cat Automatic Swing Stuff Toy Ball Set New Tumbler Cat Toys,1 Piece,$3.85-$4.63,//www.alibaba.com/product-detail/Wholesales-Pet-Eco-friendly-Funny-Cat_1600403015310.html
Cat toy plush toys pet fish interactive ball cats simons dogs orange ser esto products tower electronic grimmsnarl,30 Pieces,$2.82-$3.53,//www.alibaba.com/product-detail/Cat-toy-plush-toys-pet-fish_1600372401622.html
Useful cat toy happy turntable funny cat teaser stick toy,50 Pieces,$1.03-$1.29,//www.alibaba.com/product-detail/Useful-cat-toy-happy-turntable-funny_1600318041280.html
Chichen shaped Laser Toys For Cat Multifunctional Cat Toys Interactive Toy For Cats,100 Pieces,$5.88-$6.66,//www.alibaba.com/product-detail/Chichen-shaped-Laser-Toys-For-Cat_1600250803997.html
Pet Interactive &amp; Movement Toys Wood cat wheel for pet running,1 Set,$365.00-$395.00,//www.alibaba.com/product-detail/Pet-Interactive-Movement-Toys-Wood-cat_1600498152394.html
New Design Environmental Funny Cat Playing Interactive Cat toys,100 Pieces,$6.30-$6.90,//www.alibaba.com/product-detail/New-Design-Environmental-Funny-Cat-Playing_1600436448076.html
Factory direct pet chewing toy crayfish electric cat toothbrush/cat toy interactive pet toy,100 Pieces,$18.00-$22.00,//www.alibaba.com/product-detail/Factory-direct-pet-chewing-toy-crayfish_1600380805506.html
Factory Outlet Chinese Supply Spherical Leakage Ball Rope Bean Bell Type Interactive Cat Toy,1 Set,None,//www.alibaba.com/product-detail/Factory-Outlet-Chinese-Supply-Spherical-Leakage_1600404038903.html
Cat toy 2020 products pet plastic funny teaser wand cat toys pop and play,1 Piece,$0.32-$0.40,//www.alibaba.com/product-detail/Cat-toy-2020-products-pet-plastic_1600050421055.html
Cat Catnip Toys Fresh Catnip Organic Nature Bottle Catnip For Cats Kitten,6 Pieces,$3.00-$3.50,//www.alibaba.com/product-detail/Cat-Catnip-Toys-Fresh-Catnip-Organic_1600305501265.html
High Quality Abs Material Pet Toys The Running Cat Of Fortune Leaky Food Toys,100 Bags,$4.40-$5.45,//www.alibaba.com/product-detail/High-Quality-Abs-Material-Pet-Toys_1600295157937.html
Hot Sale Interesting Plastic Pet Toys for Cat for Pet Cat Toy,20 Pieces,$6.00-$8.00,//www.alibaba.com/product-detail/Hot-Sale-Interesting-Plastic-Pet-Toys_1600267402630.html
Cat Tunnel Cat Drill Tent Nest Folding Cat Outdoor Kitten Puppy Toy With Ringing Paper Ball Foldable Smart Toys For Fun,500 Pieces,$3.33-$4.15,//www.alibaba.com/product-detail/Cat-Tunnel-Cat-Drill-Tent-Nest_1600504820489.html
Online Shop Hot Selling Plastic Toy Set Manufacturer New Tunnel Teaser Cat Toys Pack Wholesale,10 Pieces,$5.00-$5.60,//www.alibaba.com/product-detail/Online-Shop-Hot-Selling-Plastic-Toy_1600376407908.html
Cheap Good Product OEM Dog Cat Pet Toy Supplier Interact Pet Toys Set,2 Pieces,$5.60,//www.alibaba.com/product-detail/Cheap-Good-Product-OEM-Dog-Cat_1600327697837.html
Eco-Friendly PP material Pet Toy UFO Cat Toys with Catnip ball inside Durable Cat,100 Pieces,$5.65-$6.09,//www.alibaba.com/product-detail/Eco-Friendly-PP-material-Pet-Toy_1600365755766.html
"pet furniture ,cat toys pet accessory",300 Pieces,$1.00-$13.00,//www.alibaba.com/product-detail/pet-furniture-cat-toys-pet-accessory_60539426826.html
Wholesale Customized Sisal Cat Toys Strong Cat Scratcher Small Pet Single Cat Scratching Post,500 Pieces,None,//www.alibaba.com/product-detail/Wholesale-Customized-Sisal-Cat-Toys-Strong_1600510010649.html
Bell Series Cat Toys,3 Pieces,$0.53-$0.64,//www.alibaba.com/product-detail/Bell-Series-Cat-Toys_1600471825321.html
Wholesale Catnip Balls Edible Kitty Toys Cat Wall Treats Safe Healthy Kitten Chew Teeth Cleaning Dental Cat Toy,2 Pieces,None,//www.alibaba.com/product-detail/Wholesale-Catnip-Balls-Edible-Kitty-Toys_1600512838414.html
Massage Scratcher Tickle Toothbrush Cleaning Turn around windmill cat toy turntable tease scratching itching cat toys,5 Pieces,$2.06-$2.38,//www.alibaba.com/product-detail/Massage-Scratcher-Tickle-Toothbrush-Cleaning-Turn_1600436523003.html
Pet supplies cat toys spring feather funny cat stick creative funny cat,300 Pieces,$1.10-$1.15,//www.alibaba.com/product-detail/Pet-supplies-cat-toys-spring-feather_1600305961517.html
Wholesale New Cat Toys Sounding Interactive Smart Automatic Cats Toy Electronic Wicked Ball,2 Sets,$5.90-$8.00,//www.alibaba.com/product-detail/Wholesale-New-Cat-Toys-Sounding-Interactive_1600149867915.html
New Wholesale Fluffy Corduroy Interactive Squeaky Durable Dog Chew Toy Soft Stuffed Plush Pet Toy Funny Cat Dog Toys,300 Pieces,$3.05-$3.33,//www.alibaba.com/product-detail/New-Wholesale-Fluffy-Corduroy-Interactive-Squeaky_1600441351536.html
Professional Manufacturer Cost-effective and Joyful Cat Toy Set,288 Pieces,$0.12-$0.13,//www.alibaba.com/product-detail/Professional-Manufacturer-Cost-effective-and-Joyful_1600196932637.html
pet products plush teaser wand cat toys,50 Pieces,$0.60-$0.80,//www.alibaba.com/product-detail/pet-products-plush-teaser-wand-cat_1600409601440.html
